timestamp,panel_type,brand,age,defect,confidence,detect_mode,resolved,filename,panel_id
2026-05-26 18:06:33,Monocrystalline,,5.0,hotspot,0.6371,hotspot,False,,
2026-05-26 18:06:33,Monocrystalline,,5.0,hotspot,0.5491,hotspot,False,,
2026-05-26 18:06:33,Monocrystalline,,5.0,hotspot,0.5061,hotspot,False,,
2026-05-26 18:06:47,Monocrystalline,,5.0,moderate-critical,0.368,severity,True,,
2026-05-26 18:06:47,Monocrystalline,,5.0,moderate,0.348,severity,True,,
2026-05-26 18:06:47,Monocrystalline,,5.0,moderate-critical,0.2706,severity,True,,
2026-05-26 18:07:19,Monocrystalline,,5.0,moderate-critical,0.2636,severity,True,,
2026-05-26 18:07:42,Monocrystalline,,5.0,hotspot,0.7533,hotspot,False,,
2026-05-26 18:07:42,Monocrystalline,,5.0,hotspot,0.7518,hotspot,False,,
2026-05-26 18:07:42,Monocrystalline,,5.0,hotspot,0.7364,hotspot,False,,
2026-05-26 18:07:42,Monocrystalline,,5.0,hotspot,0.7119,hotspot,False,,
2026-05-26 18:07:42,Monocrystalline,,5.0,hotspot,0.6537,hotspot,False,,
2026-05-26 18:07:42,Monocrystalline,,5.0,hotspot,0.5797,hotspot,False,,
2026-05-26 18:07:42,Monocrystalline,,5.0,hotspot,0.3725,hotspot,False,,
2026-05-26 18:07:42,Monocrystalline,,5.0,hotspot,0.3592,hotspot,False,,
2026-05-26 18:07:42,Monocrystalline,,5.0,hotspot,0.331,hotspot,False,,
2026-05-26 18:07:42,Monocrystalline,,5.0,hotspot,0.3229,hotspot,False,,
2026-05-26 18:07:42,Monocrystalline,,5.0,hotspot,0.3124,hotspot,False,,
2026-05-26 18:07:54,Monocrystalline,,5.0,moderate,0.8344,severity,False,,
2026-05-26 18:07:54,Monocrystalline,,5.0,moderate,0.7477,severity,False,,
2026-05-26 18:07:54,Monocrystalline,,5.0,moderate,0.6829,severity,False,,
2026-05-26 18:07:54,Monocrystalline,,5.0,moderate,0.6336,severity,False,,
2026-05-26 18:07:54,Monocrystalline,,5.0,moderate,0.5388,severity,False,,
2026-05-26 18:07:54,Monocrystalline,,5.0,moderate,0.5355,severity,False,,
2026-05-26 18:07:54,Monocrystalline,,5.0,moderate,0.5326,severity,False,,
2026-05-26 18:07:54,Monocrystalline,,5.0,moderate-critical,0.3796,severity,True,,
2026-05-26 18:07:54,Monocrystalline,,5.0,moderate,0.3523,severity,False,,
2026-05-26 18:07:54,Monocrystalline,,5.0,moderate,0.3141,severity,False,,
2026-05-26 18:07:54,Monocrystalline,,5.0,moderate-critical,0.3107,severity,True,,
2026-05-26 18:07:54,Monocrystalline,,5.0,moderate-high,0.3055,severity,True,,
2026-05-26 18:07:54,Monocrystalline,,5.0,moderate-critical,0.264,severity,False,,
2026-05-26 18:27:53,Monocrystalline,,5.0,moderate,0.6541,severity,False,,
2026-05-26 18:27:53,Monocrystalline,,5.0,moderate-critical,0.5029,severity,False,,
2026-05-26 18:28:04,Monocrystalline,,5.0,hotspot,0.8314,hotspot,False,,
2026-05-26 18:28:04,Monocrystalline,,5.0,hotspot,0.4304,hotspot,False,,
2026-05-26 18:28:04,Monocrystalline,,5.0,hotspot,0.8314,hotspot,False,,
2026-05-26 18:28:04,Monocrystalline,,5.0,hotspot,0.4304,hotspot,False,,
2026-05-26 18:28:42,Monocrystalline,,5.0,hotspot,0.4881,hotspot,False,,
2026-05-26 18:28:42,Monocrystalline,,5.0,hotspot,0.2827,hotspot,False,,
2026-05-26 18:28:46,Monocrystalline,,5.0,moderate-high,0.2764,severity,False,,
2026-05-26 18:28:57,Monocrystalline,,12.0,moderate-high,0.2764,severity,False,,
2026-05-26 18:29:08,Polycrystalline,,12.0,moderate-high,0.2764,severity,False,,
2026-05-26 18:29:34,Polycrystalline,,12.0,moderate-critical,0.5485,severity,False,,
2026-05-26 18:29:34,Polycrystalline,,12.0,moderate-critical,0.39,severity,False,,
2026-05-26 18:29:34,Polycrystalline,,12.0,moderate-critical,0.3261,severity,False,,
2026-05-26 18:29:34,Polycrystalline,,12.0,moderate-critical,0.2797,severity,False,,
2026-05-26 18:29:34,Polycrystalline,,12.0,moderate-critical,0.2597,severity,False,,
2026-05-26 18:29:34,Polycrystalline,,12.0,moderate-critical,0.2587,severity,False,,
2026-05-26 18:30:01,Polycrystalline,,12.0,hotspot,0.6616,hotspot,False,,
2026-05-26 18:30:01,Polycrystalline,,12.0,hotspot,0.6352,hotspot,False,,
2026-05-26 18:30:01,Polycrystalline,,12.0,hotspot,0.6175,hotspot,False,,
2026-05-26 18:30:01,Polycrystalline,,12.0,hotspot,0.5556,hotspot,False,,
2026-05-26 18:30:01,Polycrystalline,,12.0,hotspot,0.3645,hotspot,False,,
2026-05-26 18:30:01,Polycrystalline,,12.0,hotspot,0.3622,hotspot,False,,
2026-05-26 18:30:01,Polycrystalline,,12.0,hotspot,0.3171,hotspot,False,,
2026-05-26 18:30:01,Polycrystalline,,12.0,hotspot,0.3136,hotspot,False,,
2026-05-26 18:30:01,Polycrystalline,,12.0,hotspot,0.3021,hotspot,False,,
2026-05-26 18:30:01,Polycrystalline,,12.0,hotspot,0.2608,hotspot,False,,
2026-05-26 18:30:01,Polycrystalline,,12.0,hotspot,0.2598,hotspot,False,,
2026-05-26 22:43:48,Polycrystalline,,12.0,hotspot,0.6099,hotspot,False,,
2026-05-26 22:43:48,Polycrystalline,,12.0,hotspot,0.4372,hotspot,False,,
2026-05-26 22:43:54,Polycrystalline,,12.0,moderate-critical,0.436,severity,False,,
2026-05-26 22:43:54,Polycrystalline,,12.0,moderate-critical,0.3432,severity,False,,
2026-05-27 10:04:55,Monocrystalline,,5.0,hotspot,0.2975,hotspot,False,,
2026-05-27 10:04:55,Monocrystalline,,5.0,hotspot,0.2883,hotspot,False,,
2026-05-27 10:04:55,Monocrystalline,,5.0,hotspot,0.2766,hotspot,False,,
2026-05-27 10:04:55,Monocrystalline,,5.0,hotspot,0.276,hotspot,False,,
2026-05-27 10:04:55,Monocrystalline,,5.0,hotspot,0.2624,hotspot,False,,
2026-05-27 10:06:16,Monocrystalline,,5.0,hotspot,0.6099,hotspot,False,,
2026-05-27 10:06:16,Monocrystalline,,5.0,hotspot,0.4372,hotspot,False,,
2026-05-27 10:06:30,Monocrystalline,,5.0,moderate-critical,0.436,severity,False,,
2026-05-27 10:06:30,Monocrystalline,,5.0,moderate-critical,0.3432,severity,False,,
2026-05-28 22:41:26,Monocrystalline,,5.0,hotspot,0.6099,hotspot,False,,
2026-05-28 22:41:26,Monocrystalline,,5.0,hotspot,0.4372,hotspot,False,,
2026-05-28 23:25:28,,,,moderate-critical,0.436,severity,False,,
2026-05-28 23:25:28,,,,moderate-critical,0.3432,severity,False,,
2026-05-28 23:25:32,,,,hotspot,0.6099,hotspot,False,,
2026-05-28 23:25:32,,,,hotspot,0.4372,hotspot,False,,
2026-05-29 00:29:45,,,,moderate,0.8344,,False,Thermal_Solar_789_jpg.rf.a54d2d203e57c34401089a11bbdf82d7.jpg,
2026-05-29 00:29:45,,,,moderate,0.7477,,False,Thermal_Solar_789_jpg.rf.a54d2d203e57c34401089a11bbdf82d7.jpg,
2026-05-29 00:29:45,,,,moderate,0.6829,,False,Thermal_Solar_789_jpg.rf.a54d2d203e57c34401089a11bbdf82d7.jpg,
2026-05-29 00:29:45,,,,moderate,0.6336,,False,Thermal_Solar_789_jpg.rf.a54d2d203e57c34401089a11bbdf82d7.jpg,
2026-05-29 00:29:45,,,,moderate,0.5388,,False,Thermal_Solar_789_jpg.rf.a54d2d203e57c34401089a11bbdf82d7.jpg,
2026-05-29 00:29:45,,,,moderate,0.5355,,False,Thermal_Solar_789_jpg.rf.a54d2d203e57c34401089a11bbdf82d7.jpg,
2026-05-29 00:29:45,,,,moderate,0.5326,,False,Thermal_Solar_789_jpg.rf.a54d2d203e57c34401089a11bbdf82d7.jpg,
2026-05-29 00:29:45,,,,moderate-critical,0.3796,,False,Thermal_Solar_789_jpg.rf.a54d2d203e57c34401089a11bbdf82d7.jpg,
2026-05-29 00:29:45,,,,moderate,0.3523,,False,Thermal_Solar_789_jpg.rf.a54d2d203e57c34401089a11bbdf82d7.jpg,
2026-05-29 00:29:45,,,,moderate,0.3141,,False,Thermal_Solar_789_jpg.rf.a54d2d203e57c34401089a11bbdf82d7.jpg,
2026-05-29 00:29:45,,,,moderate-critical,0.3107,,False,Thermal_Solar_789_jpg.rf.a54d2d203e57c34401089a11bbdf82d7.jpg,
2026-05-29 00:29:45,,,,moderate-high,0.3055,,False,Thermal_Solar_789_jpg.rf.a54d2d203e57c34401089a11bbdf82d7.jpg,
2026-05-29 00:29:45,,,,moderate-critical,0.264,,False,Thermal_Solar_789_jpg.rf.a54d2d203e57c34401089a11bbdf82d7.jpg,
2026-05-29 03:08:00,,,,hotspot,0.7533,hotspot,False,,
2026-05-29 03:08:00,,,,hotspot,0.7518,hotspot,False,,
2026-05-29 03:08:00,,,,hotspot,0.7364,hotspot,False,,
2026-05-29 03:08:00,,,,hotspot,0.7119,hotspot,False,,
2026-05-29 03:08:00,,,,hotspot,0.6537,hotspot,False,,
2026-05-29 03:08:00,,,,hotspot,0.5797,hotspot,False,,
2026-05-29 03:08:00,,,,hotspot,0.3725,hotspot,False,,
2026-05-29 03:08:00,,,,hotspot,0.3592,hotspot,False,,
2026-05-29 03:08:00,,,,hotspot,0.331,hotspot,False,,
2026-05-29 03:08:00,,,,hotspot,0.3229,hotspot,False,,
2026-05-29 03:08:00,,,,hotspot,0.3124,hotspot,False,,
2026-05-29 03:08:08,,,,hotspot,0.5579,hotspot,False,,
2026-05-29 03:08:08,,,,hotspot,0.4774,hotspot,False,,
2026-05-29 03:08:15,,,,hotspot,0.5251,hotspot,False,,
2026-05-29 03:08:21,,,,hotspot,0.5251,hotspot,False,,
2026-05-29 03:08:21,,,,hotspot,0.2885,hotspot,False,,
2026-05-29 03:08:39,,,,hotspot,0.4519,hotspot,False,,
2026-05-29 03:08:39,,,,hotspot,0.2778,hotspot,False,,
2026-05-29 03:08:39,,,,hotspot,0.2254,hotspot,False,,
2026-05-29 03:08:50,,,,hotspot,0.4519,hotspot,False,,
2026-05-29 03:08:58,,,,hotspot,0.6616,hotspot,False,,
2026-05-29 03:08:58,,,,hotspot,0.6352,hotspot,False,,
2026-05-29 03:08:58,,,,hotspot,0.6175,hotspot,False,,
2026-05-29 03:08:58,,,,hotspot,0.5556,hotspot,False,,
2026-05-29 03:09:03,,,,hotspot,0.6616,hotspot,False,,
2026-05-29 03:09:03,,,,hotspot,0.6352,hotspot,False,,
2026-05-29 03:09:03,,,,hotspot,0.6175,hotspot,False,,
2026-05-29 03:09:03,,,,hotspot,0.5556,hotspot,False,,
2026-05-29 03:09:03,,,,hotspot,0.3645,hotspot,False,,
2026-05-29 03:09:03,,,,hotspot,0.3622,hotspot,False,,
2026-05-29 03:09:03,,,,hotspot,0.3171,hotspot,False,,
2026-05-29 03:09:03,,,,hotspot,0.3136,hotspot,False,,
2026-05-29 03:09:03,,,,hotspot,0.3021,hotspot,False,,
2026-05-29 03:09:07,,,,hotspot,0.6616,hotspot,False,,
2026-05-29 03:09:07,,,,hotspot,0.6352,hotspot,False,,
2026-05-29 03:09:07,,,,hotspot,0.6175,hotspot,False,,
2026-05-29 03:09:07,,,,hotspot,0.5556,hotspot,False,,
2026-05-29 03:09:07,,,,hotspot,0.3645,hotspot,False,,
2026-05-29 03:09:07,,,,hotspot,0.3622,hotspot,False,,
2026-05-29 03:09:07,,,,hotspot,0.3171,hotspot,False,,
2026-05-29 03:09:07,,,,hotspot,0.3136,hotspot,False,,
2026-05-29 03:09:07,,,,hotspot,0.3021,hotspot,False,,
2026-05-29 03:09:07,,,,hotspot,0.2608,hotspot,False,,
2026-05-29 03:09:07,,,,hotspot,0.2598,hotspot,False,,
2026-05-29 03:09:07,,,,hotspot,0.2342,hotspot,False,,
2026-05-29 03:09:07,,,,hotspot,0.2253,hotspot,False,,
2026-05-29 03:09:07,,,,hotspot,0.22,hotspot,False,,
2026-05-29 03:09:07,,,,hotspot,0.1885,hotspot,False,,
2026-05-29 03:09:07,,,,hotspot,0.1543,hotspot,False,,
2026-05-29 03:09:07,,,,hotspot,0.1149,hotspot,False,,
2026-05-29 03:09:07,,,,hotspot,0.1082,hotspot,False,,
2026-05-29 03:09:14,,,,hotspot,0.6616,hotspot,False,,
2026-05-29 03:09:14,,,,hotspot,0.6352,hotspot,False,,
2026-05-29 03:09:14,,,,hotspot,0.6175,hotspot,False,,
2026-05-29 03:09:14,,,,hotspot,0.5556,hotspot,False,,
2026-05-29 03:09:16,,,,hotspot,0.6616,hotspot,False,,
2026-05-29 03:09:16,,,,hotspot,0.6352,hotspot,False,,
2026-05-29 03:09:16,,,,hotspot,0.6175,hotspot,False,,
2026-05-29 03:09:16,,,,hotspot,0.5556,hotspot,False,,
2026-05-29 03:09:20,,,,hotspot,0.6616,hotspot,False,,
2026-05-29 03:09:20,,,,hotspot,0.6352,hotspot,False,,
2026-05-29 03:09:20,,,,hotspot,0.6175,hotspot,False,,
2026-05-29 03:09:20,,,,hotspot,0.5556,hotspot,False,,
2026-05-29 03:09:23,,,,hotspot,0.6616,hotspot,False,,
2026-05-29 03:09:23,,,,hotspot,0.6352,hotspot,False,,
2026-05-29 03:09:23,,,,hotspot,0.6175,hotspot,False,,
2026-05-29 03:09:23,,,,hotspot,0.5556,hotspot,False,,
2026-05-29 03:09:23,,,,hotspot,0.3645,hotspot,False,,
2026-05-29 03:09:23,,,,hotspot,0.3622,hotspot,False,,
2026-05-29 03:10:52,,,,moderate-critical,0.5485,severity,False,,
2026-05-29 03:10:52,,,,moderate-critical,0.39,severity,False,,
2026-05-29 03:10:58,,,,moderate-critical,0.5485,severity,False,,
2026-05-29 03:11:02,,,,moderate-critical,0.5485,severity,False,,
2026-05-29 03:11:02,,,,moderate-critical,0.39,severity,False,,
2026-05-29 03:11:02,,,,moderate-critical,0.3261,severity,False,,
2026-05-29 03:11:02,,,,moderate-critical,0.2797,severity,False,,
2026-05-29 03:11:02,,,,moderate-critical,0.2597,severity,False,,
2026-05-29 03:11:02,,,,moderate-critical,0.2587,severity,False,,
2026-05-29 03:11:02,,,,moderate-critical,0.2484,severity,False,,
2026-05-29 03:11:02,,,,moderate-critical,0.2371,severity,False,,
2026-05-29 03:11:02,,,,moderate-critical,0.1502,severity,False,,
2026-05-29 03:11:02,,,,moderate-critical,0.1338,severity,False,,
2026-05-29 03:11:07,,,,moderate-critical,0.5485,severity,False,,
2026-05-29 03:11:07,,,,moderate-critical,0.39,severity,False,,
2026-05-29 03:11:07,,,,moderate-critical,0.3261,severity,False,,
2026-05-29 03:11:07,,,,moderate-critical,0.2797,severity,False,,
2026-05-29 03:11:07,,,,moderate-critical,0.2597,severity,False,,
2026-05-29 03:11:07,,,,moderate-critical,0.2587,severity,False,,
2026-05-29 03:11:07,,,,moderate-critical,0.2484,severity,False,,
2026-05-29 03:11:07,,,,moderate-critical,0.2371,severity,False,,
2026-05-29 03:11:10,,,,moderate-critical,0.5485,severity,False,,
2026-05-29 03:11:10,,,,moderate-critical,0.39,severity,False,,
2026-05-29 03:11:10,,,,moderate-critical,0.3261,severity,False,,
2026-05-29 03:11:10,,,,moderate-critical,0.2797,severity,False,,
2026-05-29 03:11:10,,,,moderate-critical,0.2597,severity,False,,
2026-05-29 03:11:10,,,,moderate-critical,0.2587,severity,False,,
2026-05-29 03:11:13,,,,moderate-critical,0.5485,severity,False,,
2026-05-29 03:11:13,,,,moderate-critical,0.39,severity,False,,
2026-05-29 03:11:13,,,,moderate-critical,0.3261,severity,False,,
2026-05-29 03:11:17,,,,moderate-critical,0.5485,severity,False,,
2026-05-29 03:11:17,,,,moderate-critical,0.39,severity,False,,
2026-05-29 03:11:20,,,,moderate-critical,0.5485,severity,False,,
2026-05-29 03:11:34,,,,moderate,0.6541,severity,False,,
2026-05-29 03:11:34,,,,moderate-critical,0.5029,severity,False,,
2026-05-29 03:11:45,,,,hotspot,0.6403,hotspot,False,,
2026-05-29 03:11:45,,,,hotspot,0.6308,hotspot,False,,
2026-05-29 03:11:56,,,,moderate,0.8303,severity,False,,
2026-05-29 03:11:56,,,,moderate,0.6808,severity,False,,
2026-05-29 03:12:09,,,,hotspot,0.6403,,False,20260106_034341_8b.jpg,
2026-05-29 03:12:09,,,,hotspot,0.6308,,False,20260106_034341_8b.jpg,
2026-05-29 03:12:09,,,,hotspot,0.5001,,False,20260106_034348_8b.jpg,
2026-05-29 03:12:09,,,,hotspot,0.401,,False,20260106_034348_8b.jpg,
2026-05-29 03:12:09,,,,hotspot,0.6588,,False,20260106_034354_8b.jpg,
2026-05-29 03:12:09,,,,hotspot,0.6185,,False,20260106_034354_8b.jpg,
2026-05-29 03:12:10,,,,hotspot,0.5492,,False,20260106_034415_8b.jpg,
2026-05-29 03:12:10,,,,hotspot,0.6557,,False,20260106_034421_8b.jpg,
2026-05-29 03:12:10,,,,hotspot,0.4727,,False,20260106_034455_8b.jpg,
2026-05-29 03:12:10,,,,hotspot,0.4143,,False,20260106_034455_8b.jpg,
2026-05-29 03:12:10,,,,hotspot,0.7554,,False,20260106_034512_8b.jpg,
2026-05-29 03:12:33,,,,hotspot,0.6403,,False,20260106_034341_8b.jpg,
2026-05-29 03:12:33,,,,hotspot,0.6308,,False,20260106_034341_8b.jpg,
2026-05-29 03:12:33,,,,hotspot,0.5001,,False,20260106_034348_8b.jpg,
2026-05-29 03:12:33,,,,hotspot,0.401,,False,20260106_034348_8b.jpg,
2026-05-29 03:12:33,,,,hotspot,0.6588,,False,20260106_034354_8b.jpg,
2026-05-29 03:12:33,,,,hotspot,0.6185,,False,20260106_034354_8b.jpg,
2026-05-29 03:12:33,,,,hotspot,0.5492,,False,20260106_034415_8b.jpg,
2026-05-29 03:12:33,,,,hotspot,0.6557,,False,20260106_034421_8b.jpg,
2026-05-29 03:12:34,,,,hotspot,0.4727,,False,20260106_034455_8b.jpg,
2026-05-29 03:12:34,,,,hotspot,0.4143,,False,20260106_034455_8b.jpg,
2026-05-29 03:12:34,,,,hotspot,0.7554,,False,20260106_034512_8b.jpg,
2026-05-29 03:12:43,,,,hotspot,0.6403,,False,20260106_034341_8b.jpg,
2026-05-29 03:12:43,,,,hotspot,0.6308,,False,20260106_034341_8b.jpg,
2026-05-29 03:12:43,,,,hotspot,0.5001,,False,20260106_034348_8b.jpg,
2026-05-29 03:12:43,,,,hotspot,0.401,,False,20260106_034348_8b.jpg,
2026-05-29 03:12:43,,,,hotspot,0.6588,,False,20260106_034354_8b.jpg,
2026-05-29 03:12:43,,,,hotspot,0.6185,,False,20260106_034354_8b.jpg,
2026-05-29 03:12:44,,,,hotspot,0.5492,,False,20260106_034415_8b.jpg,
2026-05-29 03:12:44,,,,hotspot,0.6557,,False,20260106_034421_8b.jpg,
2026-05-29 03:12:44,,,,hotspot,0.4727,,False,20260106_034455_8b.jpg,
2026-05-29 03:12:44,,,,hotspot,0.4143,,False,20260106_034455_8b.jpg,
2026-05-29 03:12:44,,,,hotspot,0.7554,,False,20260106_034512_8b.jpg,
2026-05-29 03:12:45,,,,hotspot,0.4059,,False,20260119_035727_8b.jpg,
2026-05-29 03:12:46,,,,hotspot,0.4417,,False,20260119_040334_8b.jpg,
2026-05-29 03:13:27,,,,moderate,0.4325,,False,20260119_035422_8b.jpg,
2026-05-29 03:13:33,,,,hotspot,0.4801,,False,20260119_035315_8b.jpg,
2026-05-29 03:13:34,,,,hotspot,0.5095,,False,20260119_035422_8b.jpg,
2026-05-29 03:13:34,,,,hotspot,0.4357,,False,20260119_035425_8b.jpg,
2026-05-29 03:14:16,,,,hotspot,0.6606,,False,20260106_073553_8b.jpg,
2026-05-29 03:14:16,,,,hotspot,0.5953,,False,20260106_073553_8b.jpg,
2026-05-29 03:14:16,,,,hotspot,0.5534,,False,20260106_073553_8b.jpg,
2026-05-29 03:14:17,,,,hotspot,0.7287,,False,20260106_073558_8b.jpg,
2026-05-29 03:14:17,,,,hotspot,0.5352,,False,20260106_073558_8b.jpg,
2026-05-29 03:14:17,,,,hotspot,0.7615,,False,20260106_073624_8b.jpg,
2026-05-29 03:14:17,,,,hotspot,0.5275,,False,20260106_073624_8b.jpg,
2026-05-29 03:14:17,,,,hotspot,0.7091,,False,20260106_073645_8b.jpg,
2026-05-29 03:14:17,,,,hotspot,0.4623,,False,20260106_073645_8b.jpg,
2026-05-29 03:14:17,,,,hotspot,0.7361,,False,20260106_073651_8b.jpg,
2026-05-29 03:14:17,,,,hotspot,0.5345,,False,20260106_073651_8b.jpg,
2026-05-29 03:14:17,,,,hotspot,0.4472,,False,20260106_073651_8b.jpg,
2026-05-29 03:14:18,,,,hotspot,0.6231,,False,20260106_073719_8b.jpg,
2026-05-29 03:14:18,,,,hotspot,0.4218,,False,20260106_073719_8b.jpg,
2026-05-29 03:14:18,,,,hotspot,0.6135,,False,20260106_073748_8b.jpg,
2026-05-29 03:14:18,,,,hotspot,0.5708,,False,20260106_073748_8b.jpg,
2026-05-29 03:14:18,,,,hotspot,0.4637,,False,20260106_073748_8b.jpg,
2026-05-29 03:14:32,,,,hotspot,0.6606,,False,20260106_073553_8b.jpg,
2026-05-29 03:14:32,,,,hotspot,0.5953,,False,20260106_073553_8b.jpg,
2026-05-29 03:14:32,,,,hotspot,0.5534,,False,20260106_073553_8b.jpg,
2026-05-29 03:14:32,,,,hotspot,0.7287,,False,20260106_073558_8b.jpg,
2026-05-29 03:14:32,,,,hotspot,0.5352,,False,20260106_073558_8b.jpg,
2026-05-29 03:14:32,,,,hotspot,0.3719,,False,20260106_073558_8b.jpg,
2026-05-29 03:14:32,,,,hotspot,0.3672,,False,20260106_073558_8b.jpg,
2026-05-29 03:14:32,,,,hotspot,0.7615,,False,20260106_073624_8b.jpg,
2026-05-29 03:14:32,,,,hotspot,0.5275,,False,20260106_073624_8b.jpg,
2026-05-29 03:14:32,,,,hotspot,0.7091,,False,20260106_073645_8b.jpg,
2026-05-29 03:14:32,,,,hotspot,0.4623,,False,20260106_073645_8b.jpg,
2026-05-29 03:14:32,,,,hotspot,0.2957,,False,20260106_073645_8b.jpg,
2026-05-29 03:14:32,,,,hotspot,0.7361,,False,20260106_073651_8b.jpg,
2026-05-29 03:14:32,,,,hotspot,0.5345,,False,20260106_073651_8b.jpg,
2026-05-29 03:14:32,,,,hotspot,0.4472,,False,20260106_073651_8b.jpg,
2026-05-29 03:14:32,,,,hotspot,0.3149,,False,20260106_073651_8b.jpg,
2026-05-29 03:14:33,,,,hotspot,0.6231,,False,20260106_073719_8b.jpg,
2026-05-29 03:14:33,,,,hotspot,0.4218,,False,20260106_073719_8b.jpg,
2026-05-29 03:14:33,,,,hotspot,0.3724,,False,20260106_073719_8b.jpg,
2026-05-29 03:14:33,,,,hotspot,0.2854,,False,20260106_073719_8b.jpg,
2026-05-29 03:14:33,,,,hotspot,0.6135,,False,20260106_073748_8b.jpg,
2026-05-29 03:14:33,,,,hotspot,0.5708,,False,20260106_073748_8b.jpg,
2026-05-29 03:14:33,,,,hotspot,0.4637,,False,20260106_073748_8b.jpg,
2026-05-29 03:14:45,,,,moderate,0.8192,,False,20260106_073553_8b.jpg,
2026-05-29 03:14:45,,,,moderate,0.5178,,False,20260106_073553_8b.jpg,
2026-05-29 03:14:45,,,,mild,0.2864,,False,20260106_073553_8b.jpg,
2026-05-29 03:14:45,,,,moderate,0.7428,,False,20260106_073558_8b.jpg,
2026-05-29 03:14:45,,,,moderate,0.2661,,False,20260106_073558_8b.jpg,
2026-05-29 03:14:45,,,,mild,0.2621,,False,20260106_073558_8b.jpg,
2026-05-29 03:14:45,,,,mild,0.251,,False,20260106_073558_8b.jpg,
2026-05-29 03:14:45,,,,moderate,0.4317,,False,20260106_073624_8b.jpg,
2026-05-29 03:14:45,,,,moderate,0.6022,,False,20260106_073645_8b.jpg,
2026-05-29 03:14:45,,,,moderate-critical,0.3439,,False,20260106_073645_8b.jpg,
2026-05-29 03:14:46,,,,moderate,0.4301,,False,20260106_073651_8b.jpg,
2026-05-29 03:14:46,,,,moderate-critical,0.4116,,False,20260106_073651_8b.jpg,
2026-05-29 03:14:46,,,,mild,0.2578,,False,20260106_073651_8b.jpg,
2026-05-29 03:14:46,,,,moderate,0.8341,,False,20260106_073719_8b.jpg,
2026-05-29 03:14:46,,,,moderate,0.5147,,False,20260106_073719_8b.jpg,
2026-05-29 03:14:46,,,,moderate-critical,0.2945,,False,20260106_073719_8b.jpg,
2026-05-29 03:14:46,,,,mild,0.2508,,False,20260106_073719_8b.jpg,
2026-05-29 03:39:07,,,,moderate,0.8303,severity,False,,test 1
2026-05-29 03:39:07,,,,moderate,0.6808,severity,False,,test 1
2026-05-29 03:47:21,,,,moderate-critical,0.3203,severity,False,,panel A1
2026-05-29 03:49:04,,,,moderate-critical,0.3203,severity,False,,panel A1
2026-05-29 03:49:11,,,,moderate,0.8303,severity,False,,panel A1
2026-05-29 03:49:11,,,,moderate,0.6808,severity,False,,panel A1
2026-05-29 11:36:10,,,,hotspot,0.6403,hotspot,False,,
2026-05-29 11:36:10,,,,hotspot,0.6308,hotspot,False,,
2026-05-29 11:36:15,,,,hotspot,0.6403,hotspot,False,,Panel A1
2026-05-29 11:36:15,,,,hotspot,0.6308,hotspot,False,,Panel A1
2026-05-29 11:36:39,,,,moderate,0.8303,severity,False,,Panel A1
2026-05-29 11:36:39,,,,moderate,0.6808,severity,False,,Panel A1
2026-06-02 16:32:29,,,,hotspot,0.6371,hotspot,False,,
2026-06-02 16:32:29,,,,hotspot,0.5491,hotspot,False,,
2026-06-02 16:32:29,,,,hotspot,0.5061,hotspot,False,,
2026-06-02 16:32:55,,,,moderate-critical,0.368,severity,False,,
2026-06-02 16:32:55,,,,moderate,0.348,severity,False,,
2026-06-02 16:32:55,,,,moderate-critical,0.2706,severity,False,,
2026-06-02 16:34:19,,,,hotspot,0.7091,hotspot,False,,
2026-06-02 16:34:19,,,,hotspot,0.4623,hotspot,False,,
2026-06-02 16:34:19,,,,hotspot,0.2957,hotspot,False,,
2026-06-02 16:34:39,,,,moderate,0.6022,severity,False,,
2026-06-02 16:34:39,,,,moderate-critical,0.3439,severity,False,,
2026-06-02 16:34:51,,,,moderate,0.6022,severity,False,,
2026-06-02 16:34:51,,,,moderate-critical,0.3439,severity,False,,
2026-06-02 16:34:51,,,,mild,0.2333,severity,False,,
2026-06-02 16:36:00,,,,moderate-critical,0.368,severity,False,,
2026-06-02 16:36:00,,,,moderate,0.348,severity,False,,
2026-06-02 16:36:00,,,,moderate-critical,0.2706,severity,False,,
2026-06-02 16:36:27,,,,moderate,0.6022,severity,False,,
2026-06-02 16:36:27,,,,moderate-critical,0.3439,severity,False,,
2026-06-02 16:36:27,,,,mild,0.2333,severity,False,,
2026-06-02 16:36:37,,,,moderate,0.5373,severity,False,,
2026-06-02 16:36:37,,,,mild,0.1667,severity,False,,
2026-06-02 16:36:53,,,,hotspot,0.5983,hotspot,False,,
2026-06-02 16:36:53,,,,hotspot,0.4151,hotspot,False,,
2026-06-02 16:36:53,,,,hotspot,0.3879,hotspot,False,,
2026-06-02 16:36:53,,,,hotspot,0.272,hotspot,False,,
2026-06-02 16:37:09,,,,hotspot,0.8522,hotspot,False,,
2026-06-02 16:37:09,,,,hotspot,0.1796,hotspot,False,,
2026-06-02 16:37:33,,,,moderate-critical,0.3203,severity,False,,
2026-06-03 23:30:10,,,,hotspot,0.6099,hotspot,False,,
2026-06-03 23:30:10,,,,hotspot,0.4372,hotspot,False,,
2026-06-03 23:30:14,,,,hotspot,0.6099,hotspot,False,,
2026-06-03 23:30:14,,,,hotspot,0.4372,hotspot,False,,
2026-06-03 23:30:15,,,,hotspot,0.6099,hotspot,False,,
2026-06-03 23:30:15,,,,hotspot,0.4372,hotspot,False,,
2026-06-03 23:31:01,,,,hotspot,0.7821,hotspot,False,,
2026-06-03 23:31:01,,,,hotspot,0.7178,hotspot,False,,
2026-06-03 23:31:01,,,,hotspot,0.7147,hotspot,False,,
2026-06-03 23:32:05,,,,moderate,0.6752,severity,False,,
2026-06-03 23:32:05,,,,moderate-high,0.5186,severity,False,,
2026-06-03 23:32:05,,,,moderate-high,0.4546,severity,False,,
2026-06-03 23:32:05,,,,moderate,0.3128,severity,False,,
2026-06-03 23:32:05,,,,moderate-critical,0.2076,severity,False,,
2026-06-03 23:32:05,,,,moderate-critical,0.1223,severity,False,,
2026-06-03 23:32:31,,,,hotspot,0.7821,hotspot,False,,
2026-06-03 23:32:31,,,,hotspot,0.7178,hotspot,False,,
2026-06-03 23:32:31,,,,hotspot,0.7147,hotspot,False,,
2026-06-09 11:04:10,,,,hotspot,0.6332,hotspot,False,,
2026-06-09 11:06:29,,,,moderate-critical,0.5137,severity,False,,
2026-06-09 11:06:36,,,,mild,0.558,severity,False,,
2026-06-09 11:06:36,,,,moderate-critical,0.4171,severity,False,,
2026-06-09 11:06:36,,,,moderate,0.3883,severity,False,,
2026-06-09 11:06:36,,,,moderate,0.3565,severity,False,,
2026-06-09 11:06:36,,,,mild,0.2798,severity,False,,
2026-06-09 11:06:52,,,,moderate-critical,0.7536,severity,False,,
2026-06-09 11:07:02,,,,mild,0.5194,severity,False,,
2026-06-09 11:07:02,,,,mild,0.3299,severity,False,,
2026-06-09 11:07:24,,,,moderate-high,0.6634,severity,False,,
2026-06-09 11:07:24,,,,moderate-high,0.6492,severity,False,,
2026-06-09 11:07:24,,,,moderate-high,0.4636,severity,False,,
2026-06-09 11:08:37,,,,hotspot,0.7261,hotspot,False,,
2026-06-09 11:08:37,,,,hotspot,0.6871,hotspot,False,,
2026-06-09 11:08:37,,,,hotspot,0.6419,hotspot,False,,
2026-06-09 11:08:47,,,,moderate,0.5935,severity,False,,
2026-06-09 11:08:47,,,,moderate-high,0.4263,severity,False,,
2026-06-09 11:08:47,,,,moderate-critical,0.2591,severity,False,,
2026-06-09 11:09:21,,,,hotspot,0.7322,hotspot,False,,
2026-06-09 11:09:21,,,,hotspot,0.2658,hotspot,False,,
2026-06-09 11:09:21,,,,hotspot,0.2534,hotspot,False,,
2026-06-09 11:12:01,,,,moderate-critical,0.368,severity,False,,
2026-06-09 11:12:01,,,,moderate,0.348,severity,False,,
2026-06-09 11:12:01,,,,moderate-critical,0.2706,severity,False,,
2026-06-09 11:12:18,,,,moderate-high,0.2764,severity,False,,
2026-06-09 11:12:28,,,,moderate,0.6541,severity,False,,
2026-06-09 11:12:28,,,,moderate-critical,0.5029,severity,False,,
2026-06-09 11:12:33,,,,moderate,0.8303,severity,False,,
2026-06-09 11:12:33,,,,moderate,0.6808,severity,False,,
2026-06-09 11:13:40,,,,hotspot,0.6403,hotspot,False,,
2026-06-09 11:13:40,,,,hotspot,0.6308,hotspot,False,,
2026-06-09 11:14:22,,,,hotspot,0.7533,hotspot,False,,
2026-06-09 11:14:22,,,,hotspot,0.7518,hotspot,False,,
2026-06-09 11:14:22,,,,hotspot,0.7364,hotspot,False,,
2026-06-09 11:14:22,,,,hotspot,0.7119,hotspot,False,,
2026-06-09 11:14:22,,,,hotspot,0.6537,hotspot,False,,
2026-06-09 11:14:22,,,,hotspot,0.5797,hotspot,False,,
2026-06-09 11:14:22,,,,hotspot,0.3725,hotspot,False,,
2026-06-09 11:14:22,,,,hotspot,0.3592,hotspot,False,,
2026-06-09 11:14:22,,,,hotspot,0.331,hotspot,False,,
2026-06-09 11:14:22,,,,hotspot,0.3229,hotspot,False,,
2026-06-09 11:14:22,,,,hotspot,0.3124,hotspot,False,,
2026-06-09 11:14:33,,,,moderate,0.8344,severity,False,,
2026-06-09 11:14:33,,,,moderate,0.7477,severity,False,,
2026-06-09 11:14:33,,,,moderate,0.6829,severity,False,,
2026-06-09 11:14:33,,,,moderate,0.6336,severity,False,,
2026-06-09 11:14:33,,,,moderate,0.5388,severity,False,,
2026-06-09 11:14:33,,,,moderate,0.5355,severity,False,,
2026-06-09 11:14:33,,,,moderate,0.5326,severity,False,,
2026-06-09 11:14:33,,,,moderate-critical,0.3796,severity,False,,
2026-06-09 11:14:33,,,,moderate,0.3523,severity,False,,
2026-06-09 11:14:33,,,,moderate,0.3141,severity,False,,
2026-06-09 11:14:33,,,,moderate-critical,0.3107,severity,False,,
2026-06-09 11:14:33,,,,moderate-high,0.3055,severity,False,,
2026-06-09 11:14:33,,,,moderate-critical,0.264,severity,False,,
2026-06-09 11:14:44,,,,moderate-critical,0.3406,severity,False,,
2026-06-09 11:16:06,,,,moderate-critical,0.265,severity,False,,
2026-06-09 11:17:06,,,,hotspot,0.3668,hotspot,False,,
2026-06-09 11:17:06,,,,hotspot,0.339,hotspot,False,,
2026-06-09 11:17:06,,,,hotspot,0.3156,hotspot,False,,
2026-06-09 11:17:06,,,,hotspot,0.3142,hotspot,False,,
2026-06-09 11:18:22,,,,moderate-high,0.181,severity,False,,
2026-06-09 11:18:22,,,,moderate-critical,0.1281,severity,False,,
2026-06-09 11:18:22,,,,moderate-critical,0.125,severity,False,,
2026-06-09 11:18:22,,,,moderate-critical,0.1201,severity,False,,
2026-06-09 11:18:22,,,,moderate-critical,0.1122,severity,False,,
2026-06-09 11:18:22,,,,moderate-critical,0.1024,severity,False,,
2026-06-09 11:18:30,,,,moderate-high,0.181,severity,False,,
2026-06-09 11:18:53,,,,moderate-high,0.2764,severity,False,,
2026-06-09 11:18:53,,,,moderate-critical,0.1227,severity,False,,
2026-06-09 11:18:53,,,,moderate-critical,0.1195,severity,False,,
2026-06-09 11:18:57,,,,moderate-high,0.2764,severity,False,,
2026-06-09 11:19:00,,,,moderate-high,0.2764,severity,False,,
2026-06-09 11:19:00,,,,moderate-critical,0.1227,severity,False,,
2026-06-09 11:19:00,,,,moderate-critical,0.1195,severity,False,,
2026-06-09 11:19:23,,,,hotspot,0.4881,hotspot,False,,
2026-06-09 11:19:23,,,,hotspot,0.2827,hotspot,False,,
2026-06-09 11:19:23,,,,hotspot,0.2118,hotspot,False,,
2026-06-09 11:19:23,,,,hotspot,0.1546,hotspot,False,,
2026-06-09 11:19:27,,,,hotspot,0.4881,hotspot,False,,
2026-06-09 11:19:27,,,,hotspot,0.2827,hotspot,False,,
2026-06-09 11:19:27,,,,hotspot,0.2118,hotspot,False,,
2026-06-09 11:20:19,,,,hotspot,0.5459,hotspot,False,,
2026-06-09 11:20:19,,,,hotspot,0.3212,hotspot,False,,
2026-06-09 11:20:19,,,,hotspot,0.2937,hotspot,False,,
2026-06-09 11:20:28,,,,moderate-critical,0.4123,severity,False,,
2026-06-09 11:20:28,,,,moderate-critical,0.3882,severity,False,,
2026-06-09 11:20:28,,,,moderate-critical,0.369,severity,False,,
2026-06-09 11:20:28,,,,moderate-critical,0.2879,severity,False,,
2026-06-09 11:20:28,,,,moderate-critical,0.2872,severity,False,,
2026-06-09 11:20:28,,,,moderate-high,0.2321,severity,False,,
2026-06-09 11:20:28,,,,moderate-critical,0.2143,severity,False,,
2026-06-09 11:20:35,,,,moderate-critical,0.4123,severity,False,,
2026-06-09 11:20:35,,,,moderate-critical,0.3882,severity,False,,
2026-06-09 11:20:35,,,,moderate-critical,0.369,severity,False,,
2026-06-09 11:20:35,,,,moderate-critical,0.2879,severity,False,,
2026-06-09 11:20:35,,,,moderate-critical,0.2872,severity,False,,
2026-06-09 11:20:41,,,,moderate-critical,0.4123,severity,False,,
2026-06-09 11:20:41,,,,moderate-critical,0.3882,severity,False,,
2026-06-09 11:20:41,,,,moderate-critical,0.369,severity,False,,
2026-06-09 11:21:23,,,,moderate,0.5036,severity,False,,
2026-06-09 11:21:23,,,,moderate-critical,0.3497,severity,False,,
2026-06-09 11:21:23,,,,moderate,0.2142,severity,False,,
2026-06-09 11:21:23,,,,moderate-critical,0.1599,severity,False,,
2026-06-09 11:21:23,,,,moderate-critical,0.1594,severity,False,,
2026-06-09 11:21:23,,,,moderate-critical,0.1534,severity,False,,
2026-06-09 11:21:26,,,,moderate,0.5036,severity,False,,
2026-06-09 11:21:26,,,,moderate-critical,0.3497,severity,False,,
2026-06-09 11:21:58,,,,moderate,0.512,severity,False,,
2026-06-09 11:21:58,,,,moderate-high,0.4103,severity,False,,
2026-06-09 11:21:58,,,,moderate-critical,0.3656,severity,False,,
2026-06-09 11:21:58,,,,moderate-critical,0.2767,severity,False,,
2026-06-09 11:21:58,,,,moderate,0.2513,severity,False,,
2026-06-09 11:21:58,,,,moderate,0.187,severity,False,,
2026-06-09 11:21:58,,,,moderate-critical,0.1636,severity,False,,
2026-06-09 11:21:58,,,,moderate-high,0.1111,severity,False,,
2026-06-09 11:22:01,,,,moderate,0.512,severity,False,,
2026-06-09 11:22:01,,,,moderate-high,0.4103,severity,False,,
2026-06-09 11:22:01,,,,moderate-critical,0.3656,severity,False,,
2026-06-09 11:22:01,,,,moderate-critical,0.2767,severity,False,,
2026-06-09 11:22:01,,,,moderate,0.2513,severity,False,,
2026-06-09 11:22:05,,,,moderate,0.512,severity,False,,
2026-06-09 11:22:05,,,,moderate-high,0.4103,severity,False,,
2026-06-09 11:22:05,,,,moderate-critical,0.3656,severity,False,,
2026-06-09 11:22:05,,,,moderate-critical,0.2767,severity,False,,
2026-06-09 11:22:05,,,,moderate,0.2513,severity,False,,
2026-06-09 11:22:07,,,,moderate,0.512,severity,False,,
2026-06-09 11:22:07,,,,moderate-high,0.4103,severity,False,,
2026-06-09 11:22:07,,,,moderate-critical,0.3656,severity,False,,
2026-06-09 11:22:07,,,,moderate-critical,0.2767,severity,False,,
2026-06-09 11:22:07,,,,moderate,0.2513,severity,False,,
2026-06-09 11:22:09,,,,moderate,0.512,severity,False,,
2026-06-09 11:22:09,,,,moderate-high,0.4103,severity,False,,
2026-06-09 11:22:09,,,,moderate-critical,0.3656,severity,False,,
2026-06-09 11:22:14,,,,moderate,0.512,severity,False,,
2026-06-09 11:22:17,,,,moderate,0.512,severity,False,,
2026-06-09 11:22:17,,,,moderate-high,0.4103,severity,False,,
2026-06-09 11:22:25,,,,moderate,0.512,severity,False,,
2026-06-09 11:22:25,,,,moderate-high,0.4103,severity,False,,
2026-06-09 11:22:25,,,,moderate-critical,0.3656,severity,False,,
2026-06-09 11:22:25,,,,moderate-critical,0.2767,severity,False,,
2026-06-09 11:22:25,,,,moderate,0.2513,severity,False,,
2026-06-09 11:25:27,,,,hotspot,0.4991,hotspot,False,,
2026-06-09 11:25:34,,,,hotspot,0.6709,hotspot,False,,
2026-06-09 11:25:34,,,,hotspot,0.6629,hotspot,False,,
2026-06-09 11:25:59,,,,moderate-critical,0.4188,severity,False,,
2026-06-09 11:25:59,,,,moderate-critical,0.3547,severity,False,,
2026-06-09 11:25:59,,,,moderate-critical,0.3084,severity,False,,
2026-06-09 11:25:59,,,,moderate-critical,0.2839,severity,False,,
2026-06-09 11:26:05,,,,moderate-critical,0.4188,severity,False,,
2026-06-09 11:26:05,,,,moderate-critical,0.3547,severity,False,,
2026-06-09 11:26:10,,,,moderate-critical,0.4188,severity,False,,
2026-06-09 11:26:14,,,,moderate-critical,0.4188,severity,False,,
2026-06-09 11:26:14,,,,moderate-critical,0.3547,severity,False,,
2026-06-09 11:26:23,,,,moderate-critical,0.4188,severity,False,,
2026-06-09 11:26:23,,,,moderate-critical,0.3547,severity,False,,
2026-06-09 11:26:23,,,,moderate-critical,0.3084,severity,False,,
2026-06-09 11:26:23,,,,moderate-critical,0.2839,severity,False,,
2026-06-09 11:26:29,,,,moderate-critical,0.4188,severity,False,,
2026-06-09 11:26:29,,,,moderate-critical,0.3547,severity,False,,
2026-06-09 11:26:29,,,,moderate-critical,0.3084,severity,False,,
2026-06-09 11:26:58,,,,hotspot,0.6709,hotspot,False,,
2026-06-09 11:26:58,,,,hotspot,0.6629,hotspot,False,,
2026-06-09 11:27:03,,,,hotspot,0.6709,hotspot,False,,
2026-06-09 11:27:03,,,,hotspot,0.6629,hotspot,False,,
2026-06-09 11:27:06,,,,hotspot,0.6709,hotspot,False,,
2026-06-09 11:27:06,,,,hotspot,0.6629,hotspot,False,,
2026-06-09 11:28:31,,,,moderate-high,0.5951,severity,False,,
2026-06-09 11:28:31,,,,moderate-high,0.1615,severity,False,,
2026-06-09 11:28:40,,,,moderate-high,0.5951,severity,False,,
2026-06-09 11:28:46,,,,moderate-critical,0.6464,severity,False,,
2026-06-09 11:28:48,,,,moderate-critical,0.6464,severity,False,,
2026-06-09 11:28:49,,,,moderate-critical,0.6464,severity,False,,
2026-06-09 11:28:55,,,,moderate,0.5036,severity,False,,
2026-06-09 11:28:55,,,,moderate-critical,0.3497,severity,False,,
2026-06-09 11:29:01,,,,moderate,0.5036,severity,False,,
2026-06-09 11:29:18,,,,moderate-high,0.5427,severity,False,,
2026-06-09 11:30:37,,,,hotspot,0.5714,hotspot,False,,
2026-06-09 11:30:37,,,,hotspot,0.4545,hotspot,False,,
2026-06-09 11:30:41,,,,hotspot,0.5714,hotspot,False,,
2026-06-09 11:30:41,,,,hotspot,0.4545,hotspot,False,,
2026-06-09 11:30:41,,,,hotspot,0.3497,hotspot,False,,
2026-06-09 11:30:44,,,,hotspot,0.5714,hotspot,False,,
2026-06-09 11:30:44,,,,hotspot,0.4545,hotspot,False,,
2026-06-09 11:30:44,,,,hotspot,0.3497,hotspot,False,,
2026-06-09 11:30:44,,,,hotspot,0.1392,hotspot,False,,
2026-06-09 11:30:44,,,,hotspot,0.1272,hotspot,False,,
2026-06-09 11:30:44,,,,hotspot,0.1262,hotspot,False,,
2026-06-09 11:30:44,,,,hotspot,0.1237,hotspot,False,,
2026-06-09 11:30:44,,,,hotspot,0.121,hotspot,False,,
2026-06-09 11:30:44,,,,hotspot,0.1049,hotspot,False,,
2026-06-09 11:30:48,,,,hotspot,0.5714,hotspot,False,,
2026-06-09 11:30:48,,,,hotspot,0.4545,hotspot,False,,
2026-06-09 11:30:48,,,,hotspot,0.3497,hotspot,False,,
2026-06-09 11:33:18,,,,moderate-critical,0.7456,severity,False,,
2026-06-09 11:33:18,,,,moderate-critical,0.5808,severity,False,,
2026-06-09 11:33:18,,,,moderate-critical,0.3349,severity,False,,
2026-06-09 11:33:18,,,,moderate-critical,0.3042,severity,False,,
2026-06-09 11:33:18,,,,moderate-critical,0.2301,severity,False,,
2026-06-09 11:33:18,,,,moderate-critical,0.1973,severity,False,,
2026-06-09 11:33:18,,,,moderate-critical,0.1621,severity,False,,
2026-06-09 11:33:22,,,,moderate-critical,0.7456,severity,False,,
2026-06-09 11:33:22,,,,moderate-critical,0.5808,severity,False,,
2026-06-09 11:33:26,,,,moderate-critical,0.7456,severity,False,,
2026-06-09 11:33:26,,,,moderate-critical,0.5808,severity,False,,
2026-06-09 11:33:50,,,,moderate-critical,0.7536,severity,False,,
2026-06-09 11:33:56,,,,mild,0.5575,severity,False,,
2026-06-09 11:34:01,,,,mild,0.5575,severity,False,,
2026-06-09 11:34:01,,,,mild,0.3786,severity,False,,
2026-06-09 11:34:01,,,,mild,0.3159,severity,False,,
2026-06-09 11:34:01,,,,mild,0.3129,severity,False,,
2026-06-09 11:34:35,,,,moderate-critical,0.2832,severity,False,,
2026-06-09 11:34:53,,,,moderate,0.5935,severity,False,,
2026-06-09 11:34:53,,,,moderate-high,0.4263,severity,False,,
2026-06-09 11:34:53,,,,moderate-critical,0.2591,severity,False,,
2026-06-09 11:34:53,,,,moderate,0.2188,severity,False,,
2026-06-09 11:34:53,,,,moderate-critical,0.2161,severity,False,,
2026-06-09 11:34:53,,,,moderate-high,0.1524,severity,False,,
2026-06-09 11:35:04,,,,mild,0.558,severity,False,,
2026-06-09 11:35:04,,,,moderate-critical,0.4171,severity,False,,
2026-06-09 11:35:04,,,,moderate,0.3883,severity,False,,
2026-06-09 11:35:04,,,,moderate,0.3565,severity,False,,
2026-06-09 11:35:04,,,,mild,0.2798,severity,False,,
2026-06-09 11:35:04,,,,mild,0.1561,severity,False,,
2026-06-09 11:35:58,,,,hotspot,0.7527,hotspot,False,,
2026-06-09 11:35:58,,,,hotspot,0.7137,hotspot,False,,
2026-06-09 11:35:58,,,,hotspot,0.5631,hotspot,False,,
2026-06-09 11:35:58,,,,hotspot,0.2039,hotspot,False,,
2026-06-09 11:35:58,,,,hotspot,0.1993,hotspot,False,,
2026-06-09 11:35:58,,,,hotspot,0.1978,hotspot,False,,
